Male,Asian,White,Black,top,right,bottom,left
0.9772015230373806,0.0013766791404926028,0.8891606783150138,0.05065509265028966,170,455,491,134
