Male,Asian,White,Black,top,right,bottom,left
0.39997520355504196,0.007868972396219202,0.9821316225506376,0.001135481273248442,47,218,202,64
